{
  "code": 200,
  "msg": "",
  "data": {
    "main_task": [
      {
        "id": "1ff51db771164a64b244832d22d461ed",
        "type": "红外检测",
        "name": "测试任务",
        "sub_task": [
          {
            "id": "810f5c0a867011ed8a6b0242ac140065",
            "type": "红外检测",
            "name": "测试回填任务",
            "clearance": [
              {
                "id": "c787c6207daa4456901d425b62ecf83b",
                "name": "测试间隔",
                "sn": "1",
                "test_point": [
                  {
                    "id": "0fcd4f0ebf2a432c83c1ee8cff4ec594",
                    "name": "缺陷识别点位1",
                    "part": "本体",
                    "sn": "1",
                    "imagePath": "/store/ftp/tmp/1.jpg"
                  },
                  {
                    "id": "c50a7ee0125a11efa7bc0242ac140065",
                    "name": "缺陷识别点位2",
                    "part": "本体",
                    "sn": "2",
                    "imagePath": "/store/ftp/tmp/2.jpg"
                  },
                  {
                    "id": "c50bf202125a11efa7bc0242ac140065",
                    "name": "缺陷识别点位3",
                    "part": "本体",
                    "sn": "3",
                    "imagePath": "/store/ftp/tmp/3.jpg"
                  },
                  {
                    "id": "ce50f600125a11ef9a000242ac140065",
                    "name": "缺陷识别点位4",
                    "part": "本体",
                    "sn": "4",
                    "imagePath": "/store/ftp/tmp/4.jpg"
                  }
                ]
              }
            ]
          }
        ]
      }
    ]
  }
}
